degree,k_fold,lambda,seed,mse_te,mse_tr
4,4,1e-08,0,0.3151674543829641,0.3149043883209
4,4,0.01,0,0.31583492052824624,0.3155985484267958
5,4,1e-08,0,0.30385148533851497,0.303510297115898
5,4,0.01,0,0.30493147448801317,0.3046342883070106
